{
  "TCP Sampler" : {
    "transaction" : "TCP Sampler",
    "sampleCount" : 1860,
    "errorCount" : 0,
    "errorPct" : 0.0,
    "meanResTime" : 15.863978494623662,
    "medianResTime" : 15.0,
    "minResTime" : 4.0,
    "maxResTime" : 43.0,
    "pct1ResTime" : 18.0,
    "pct2ResTime" : 20.949999999999818,
    "pct3ResTime" : 27.389999999999873,
    "throughput" : 15.632222549060804,
    "receivedKBytesPerSec" : 3.5325733679665503,
    "sentKBytesPerSec" : 0.0
  },
  "Total" : {
    "transaction" : "Total",
    "sampleCount" : 1860,
    "errorCount" : 0,
    "errorPct" : 0.0,
    "meanResTime" : 15.863978494623662,
    "medianResTime" : 15.0,
    "minResTime" : 4.0,
    "maxResTime" : 43.0,
    "pct1ResTime" : 18.0,
    "pct2ResTime" : 20.949999999999818,
    "pct3ResTime" : 27.389999999999873,
    "throughput" : 15.632222549060804,
    "receivedKBytesPerSec" : 3.5325733679665503,
    "sentKBytesPerSec" : 0.0
  }
}