{
  "TCP Sampler" : {
    "transaction" : "TCP Sampler",
    "sampleCount" : 1860,
    "errorCount" : 0,
    "errorPct" : 0.0,
    "meanResTime" : 33.46344086021515,
    "medianResTime" : 21.0,
    "minResTime" : 3.0,
    "maxResTime" : 692.0,
    "pct1ResTime" : 60.90000000000009,
    "pct2ResTime" : 84.0,
    "pct3ResTime" : 193.38999999999987,
    "throughput" : 15.651427561659052,
    "receivedKBytesPerSec" : 3.6068937675131902,
    "sentKBytesPerSec" : 0.0
  },
  "Total" : {
    "transaction" : "Total",
    "sampleCount" : 1860,
    "errorCount" : 0,
    "errorPct" : 0.0,
    "meanResTime" : 33.46344086021515,
    "medianResTime" : 21.0,
    "minResTime" : 3.0,
    "maxResTime" : 692.0,
    "pct1ResTime" : 60.90000000000009,
    "pct2ResTime" : 84.0,
    "pct3ResTime" : 193.38999999999987,
    "throughput" : 15.651427561659052,
    "receivedKBytesPerSec" : 3.6068937675131902,
    "sentKBytesPerSec" : 0.0
  }
}